Duration,Start date,End date,Start station number,Start station,End station number,End station,Bike number,Member type
1012,9/20/2010 11:27,9/20/2010 11:43,31208,M St & New Jersey Ave SE,31108,4th & M St SW,W00742,Member
61,9/20/2010 11:41,9/20/2010 11:42,31209,1st & N St  SE,31209,1st & N St  SE,W00032,Member
2690,9/20/2010 12:05,9/20/2010 12:50,31600,5th & K St NW,31100,19th St & Pennsylvania Ave NW,W00993,Member
1406,9/20/2010 12:06,9/20/2010 12:29,31600,5th & K St NW,31602,Park Rd & Holmead Pl NW,W00344,Member
1413,9/20/2010 12:10,9/20/2010 12:34,31100,19th St & Pennsylvania Ave NW,31201,15th & P St NW,W00883,Member
982,9/20/2010 12:14,9/20/2010 12:30,31109,7th & T St NW,31200,Massachusetts Ave & Dupont Circle NW,W00850,Member
930,9/20/2010 12:15,9/20/2010 12:30,31109,7th & T St NW,31105,14th & Harvard St NW,W00804,Member
1659,9/20/2010 12:16,9/20/2010 12:44,31111,10th & U St NW,31208,M St & New Jersey Ave SE,W01084,Member
2496,9/20/2010 12:18,9/20/2010 13:00,31600,5th & K St NW,31601,19th & East Capitol St SE,W00812,Member
1487,9/20/2010 12:19,9/20/2010 12:44,31703,Minnesota Ave Metro/DOES,31603,1st & M St NE,W00803,Member
1007,9/20/2010 12:21,9/20/2010 12:38,31500,4th & W St NE,31200,Massachusetts Ave & Dupont Circle NW,W00256,Member
1159,9/20/2010 12:26,9/20/2010 12:45,31603,1st & M St NE,31603,1st & M St NE,W01023,Member
88,9/20/2010 12:31,9/20/2010 12:32,31602,Park Rd & Holmead Pl NW,31602,Park Rd & Holmead Pl NW,W00472,Member
202,9/20/2010 12:33,9/20/2010 12:36,31105,14th & Harvard St NW,31103,16th & Harvard St NW,W00685,Member
1407,9/20/2010 12:39,9/20/2010 13:02,31101,14th & V St NW,31100,19th St & Pennsylvania Ave NW,W00930,Member
351,9/20/2010 12:39,9/20/2010 12:45,31103,16th & Harvard St NW,31104,Adams Mill & Columbia Rd NW,W00685,Member
416,9/20/2010 12:40,9/20/2010 12:47,31105,14th & Harvard St NW,31207,Georgia Ave and Fairmont St NW,W00476,Member
2988,9/20/2010 12:41,9/20/2010 13:31,31206,19th & E Street NW,31603,1st & M St NE,W00955,Member
636,9/20/2010 12:42,9/20/2010 12:52,31002,20th & Crystal Dr,31003,15th & Crystal Dr,W01066,Member
509,9/20/2010 13:07,9/20/2010 13:16,31205,21st & I St NW,31200,Massachusetts Ave & Dupont Circle NW,W00824,Member
638,9/20/2010 13:13,9/20/2010 13:23,31201,15th & P St NW,31200,Massachusetts Ave & Dupont Circle NW,W00883,Member
763,9/20/2010 13:16,9/20/2010 13:29,31602,Park Rd & Holmead Pl NW,31109,7th & T St NW,W01029,Member
387,9/20/2010 13:20,9/20/2010 13:27,31009,27th & Crystal Dr,31009,27th & Crystal Dr,W00821,Member
1409,9/20/2010 13:22,9/20/2010 13:46,31600,5th & K St NW,31100,19th St & Pennsylvania Ave NW,W00833,Member
1254,9/20/2010 13:27,9/20/2010 13:48,31002,20th & Crystal Dr,31012,26th & S Clark St,W01123,Member
1238,9/20/2010 13:28,9/20/2010 13:48,31002,20th & Crystal Dr,31012,26th & S Clark St,W01034,Member
277,9/20/2010 13:30,9/20/2010 13:34,31106,Calvert & Biltmore St NW,31104,Adams Mill & Columbia Rd NW,W00796,Member
1532,9/20/2010 13:34,9/20/2010 13:59,31200,Massachusetts Ave & Dupont Circle NW,31600,5th & K St NW,W00883,Member
759,9/20/2010 13:40,9/20/2010 13:53,31104,Adams Mill & Columbia Rd NW,31202,14th & R St NW,W00796,Member
433,9/20/2010 13:55,9/20/2010 14:02,31011,23rd & Crystal Dr,31011,23rd & Crystal Dr,W00764,Member
329,9/20/2010 14:18,9/20/2010 14:24,31100,19th St & Pennsylvania Ave NW,31206,19th & E Street NW,W00868,Member
775,9/20/2010 14:23,9/20/2010 14:36,31200,Massachusetts Ave & Dupont Circle NW,31602,Park Rd & Holmead Pl NW,W00775,Member
3044,9/20/2010 14:28,9/20/2010 15:19,31100,19th St & Pennsylvania Ave NW,31200,Massachusetts Ave & Dupont Circle NW,W00993,Casual
1438,9/20/2010 14:45,9/20/2010 15:09,31000,Eads St & 15th St S,31002,20th & Crystal Dr,W00570,Casual
597,9/20/2010 14:49,9/20/2010 14:59,31202,14th & R St NW,31200,Massachusetts Ave & Dupont Circle NW,W00796,Member
1492,9/20/2010 14:54,9/20/2010 15:19,31603,1st & M St NE,31500,4th & W St NE,W01103,Member
956,9/20/2010 15:01,9/20/2010 15:17,31101,14th & V St NW,31204,20th & E St NW,W01058,Member
1185,9/20/2010 15:05,9/20/2010 15:25,31212,21st & M St NW,31212,21st & M St NW,W01069,Member
127,9/20/2010 15:08,9/20/2010 15:10,31603,1st & M St NE,31603,1st & M St NE,?(0x000000004752DD3A),Member
1207,9/20/2010 15:24,9/20/2010 15:44,31206,19th & E Street NW,31209,1st & N St  SE,W00868,Member
2228,9/20/2010 15:27,9/20/2010 16:05,31104,Adams Mill & Columbia Rd NW,31209,1st & N St  SE,W00685,Member
3820,9/20/2010 15:29,9/20/2010 16:33,31200,Massachusetts Ave & Dupont Circle NW,31206,19th & E Street NW,W00977,Casual
1168,9/20/2010 15:30,9/20/2010 15:49,31100,19th St & Pennsylvania Ave NW,31600,5th & K St NW,W00930,Member
566,9/20/2010 15:35,9/20/2010 15:45,31101,14th & V St NW,31207,Georgia Ave and Fairmont St NW,W00960,Member
631,9/20/2010 15:38,9/20/2010 15:49,31111,10th & U St NW,31200,Massachusetts Ave & Dupont Circle NW,W00958,Member
604,9/20/2010 15:43,9/20/2010 15:53,31100,19th St & Pennsylvania Ave NW,31203,14th & Rhode Island Ave NW,W00563,Casual
1488,9/20/2010 15:51,9/20/2010 16:16,31208,M St & New Jersey Ave SE,31600,5th & K St NW,W01084,Member
7275,9/20/2010 15:57,9/20/2010 17:58,31100,19th St & Pennsylvania Ave NW,31103,16th & Harvard St NW,W00976,Member
1959,9/20/2010 16:17,9/20/2010 16:49,31200,Massachusetts Ave & Dupont Circle NW,31108,4th & M St SW,W00256,Casual
310,9/20/2010 16:21,9/20/2010 16:26,31100,19th St & Pennsylvania Ave NW,31100,19th St & Pennsylvania Ave NW,W00159,Member
407,9/20/2010 16:22,9/20/2010 16:29,31111,10th & U St NW,31201,15th & P St NW,W00642,Member
1145,9/20/2010 16:23,9/20/2010 16:42,31003,15th & Crystal Dr,31009,27th & Crystal Dr,W00999,Casual
730,9/20/2010 16:29,9/20/2010 16:41,31600,5th & K St NW,31202,14th & R St NW,W01084,Member
907,9/20/2010 16:31,9/20/2010 16:46,31100,19th St & Pennsylvania Ave NW,31200,Massachusetts Ave & Dupont Circle NW,W00842,Member
1406,9/20/2010 16:32,9/20/2010 16:56,31600,5th & K St NW,31107,Lamont & Mt Pleasant NW,W00883,Member
381,9/20/2010 16:35,9/20/2010 16:42,31200,Massachusetts Ave & Dupont Circle NW,31201,15th & P St NW,W00745,Member
548,9/20/2010 16:37,9/20/2010 16:46,31200,Massachusetts Ave & Dupont Circle NW,31111,10th & U St NW,W00850,Member
557,9/20/2010 16:45,9/20/2010 16:54,31009,27th & Crystal Dr,31002,20th & Crystal Dr,W01079,Casual
855,9/20/2010 16:51,9/20/2010 17:05,31111,10th & U St NW,31104,Adams Mill & Columbia Rd NW,?(0x000000007C120F6A),Member
1733,9/20/2010 16:55,9/20/2010 17:23,31802,Good Hope Rd & MLK Ave SE,31600,5th & K St NW,W00911,Member
4954,9/20/2010 16:56,9/20/2010 18:18,31200,Massachusetts Ave & Dupont Circle NW,31200,Massachusetts Ave & Dupont Circle NW,W00322,Casual
1283,9/20/2010 16:57,9/20/2010 17:18,31603,1st & M St NE,31600,5th & K St NW,W00829,Member
385,9/20/2010 16:57,9/20/2010 17:04,31101,14th & V St NW,31105,14th & Harvard St NW,W00814,Member
635,9/20/2010 16:57,9/20/2010 17:08,31200,Massachusetts Ave & Dupont Circle NW,31111,10th & U St NW,W00958,Member
4839,9/20/2010 16:58,9/20/2010 18:18,31200,Massachusetts Ave & Dupont Circle NW,31200,Massachusetts Ave & Dupont Circle NW,W00993,Casual
466,9/20/2010 17:01,9/20/2010 17:09,31200,Massachusetts Ave & Dupont Circle NW,31201,15th & P St NW,W00824,Member
892,9/20/2010 17:16,9/20/2010 17:31,31201,15th & P St NW,31600,5th & K St NW,W01113,Casual
451,9/20/2010 17:16,9/20/2010 17:24,31111,10th & U St NW,31201,15th & P St NW,W00850,Member
315,9/20/2010 17:17,9/20/2010 17:23,31109,7th & T St NW,31111,10th & U St NW,W00569,Member
1796,9/20/2010 17:31,9/20/2010 18:01,31208,M St & New Jersey Ave SE,31204,20th & E St NW,W00428,Member
474,9/20/2010 17:33,9/20/2010 17:41,31111,10th & U St NW,31201,15th & P St NW,W01050,Member
1037,9/20/2010 17:35,9/20/2010 17:53,31602,Park Rd & Holmead Pl NW,31400,Georgia & New Hampshire Ave NW,W00903,Member
729,9/20/2010 17:38,9/20/2010 17:50,31600,5th & K St NW,31202,14th & R St NW,W00829,Member
466,9/20/2010 17:41,9/20/2010 17:49,31100,19th St & Pennsylvania Ave NW,31201,15th & P St NW,W00968,Member
1440,9/20/2010 17:41,9/20/2010 18:05,31104,Adams Mill & Columbia Rd NW,31205,21st & I St NW,?(0x000000007C120F6A),Member
507,9/20/2010 17:44,9/20/2010 17:53,31108,4th & M St SW,31208,M St & New Jersey Ave SE,W01007,Member
1811,9/20/2010 17:46,9/20/2010 18:16,31203,14th & Rhode Island Ave NW,31203,14th & Rhode Island Ave NW,W00563,Member
959,9/20/2010 17:47,9/20/2010 18:03,31208,M St & New Jersey Ave SE,31208,M St & New Jersey Ave SE,W00826,Member
1576,9/20/2010 17:50,9/20/2010 18:17,31603,1st & M St NE,31105,14th & Harvard St NW,W00340,Member
462,9/20/2010 17:51,9/20/2010 17:58,31200,Massachusetts Ave & Dupont Circle NW,31100,19th St & Pennsylvania Ave NW,W00842,Member
413,9/20/2010 17:51,9/20/2010 17:58,31108,4th & M St SW,31208,M St & New Jersey Ave SE,W01024,Member
626,9/20/2010 17:52,9/20/2010 18:03,31201,15th & P St NW,31111,10th & U St NW,W00968,Member
595,9/20/2010 17:54,9/20/2010 18:04,31111,10th & U St NW,31600,5th & K St NW,W00958,Member
1382,9/20/2010 17:55,9/20/2010 18:18,31204,20th & E St NW,31600,5th & K St NW,W01058,Member
220,9/20/2010 17:55,9/20/2010 17:59,31106,Calvert & Biltmore St NW,31104,Adams Mill & Columbia Rd NW,W00830,Member
1159,9/20/2010 17:56,9/20/2010 18:15,31600,5th & K St NW,31200,Massachusetts Ave & Dupont Circle NW,W01113,Casual
1241,9/20/2010 17:56,9/20/2010 18:17,31602,Park Rd & Holmead Pl NW,31100,19th St & Pennsylvania Ave NW,W00344,Member
375,9/20/2010 17:57,9/20/2010 18:03,31109,7th & T St NW,31207,Georgia Ave and Fairmont St NW,W00196,Member
940,9/20/2010 17:59,9/20/2010 18:14,31202,14th & R St NW,31202,14th & R St NW,W00512,Member
419,9/20/2010 18:01,9/20/2010 18:08,31009,27th & Crystal Dr,31004,Aurora Hills Community Ctr/18th & Hayes St,W00821,Member
893,9/20/2010 18:01,9/20/2010 18:16,31100,19th St & Pennsylvania Ave NW,31600,5th & K St NW,W00377,Member
142,9/20/2010 18:03,9/20/2010 18:06,31201,15th & P St NW,31203,14th & Rhode Island Ave NW,W01050,Member
1879,9/20/2010 18:04,9/20/2010 18:35,31201,15th & P St NW,31207,Georgia Ave and Fairmont St NW,W00850,Member
2060,9/20/2010 18:05,9/20/2010 18:39,31103,16th & Harvard St NW,31103,16th & Harvard St NW,W00976,Member
2550,9/20/2010 18:09,9/20/2010 18:51,31205,21st & I St NW,31205,21st & I St NW,W00747,Member
945,9/20/2010 18:09,9/20/2010 18:25,31205,21st & I St NW,31202,14th & R St NW,W00142,Member
1864,9/20/2010 18:12,9/20/2010 18:43,31203,14th & Rhode Island Ave NW,31111,10th & U St NW,W01050,Member
415,9/20/2010 18:14,9/20/2010 18:20,31200,Massachusetts Ave & Dupont Circle NW,31104,Adams Mill & Columbia Rd NW,W00796,Member
534,9/20/2010 18:14,9/20/2010 18:23,31201,15th & P St NW,31111,10th & U St NW,W00777,Member
